
{
    "region" : "us-east-1",
    "configuration" : "Release",
    "framework"     : "net6.0",
    "self-contained" : true,
    "application"    : "SQSAPIApplication",
    "environment"    : "SQSAPIApplication-dev",
    "enable-xray"    : false,
    "enhanced-health-type" : "basic",
    "additional-options"   : "\"aws:autoscaling:launchconfiguration,SecurityGroups\"=\"sg-011aec72db95759f7\";\"aws:ec2:vpc,Subnets\"=\"subnet-01b2d800570e3a2c9\"",
    "solution-stack"       : "64bit Amazon Linux 2 v2.2.11 running .NET Core",
    "environment-type"     : "SingleInstance",
    "cname"                : "sqsapiapplication-dev",
    "instance-type"        : "t2.micro",
    "key-pair"             : "",
    "instance-profile"     : "aws-elasticbeanstalk-ec2-role",
    "service-role"         : "aws-elasticbeanstalk-service-role",
    "proxy-server"         : "nginx"
}